Epoch,Net Sparsity
1,0.9994110957278481
2,0.9994246934335443
3,0.9995779766613924
4,0.9996167919303798
5,0.9997690862341773
6,0.9997809533227848
7,0.9997839200949367
8,0.9997861451740506
9,0.9997886174841772
10,0.9997905953322784
11,0.9997918314873417
12,0.9997933148734177
13,0.999794551028481
14,0.9997950454905064
15,0.9997957871835443
16,0.9997965288765823
17,0.999796776107595
18,0.9997972705696202
19,0.9998012262658228
20,0.9998012262658228
21,0.9998017207278481
